Hours_Coding,Lines_of_Code,Bugs_Found,Bugs_Fixed,AI_Usage_Hours,Sleep_Hours,Cognitive_Load,Task_Success_Rate,Coffee_Intake,Stress_Level,Task_Duration_Hours,Commits,Errors
7,416,9,7,6,5.9,92,34,7,99,10.5,20,3
4,269,16,13,5,5.1,85,36,2,100,9.5,17,8
11,439,3,0,2,6.2,38,79,2,55,18.3,35,2
8,472,15,9,4,4.2,26,94,5,30,12.6,28,4
5,265,19,16,5,8.1,82,33,6,82,7.0,25,9
7,196,14,12,0,8.1,61,39,1,72,6.4,21,8
10,516,4,3,6,6.9,61,56,0,66,5.1,16,5
3,234,5,1,6,5.8,78,40,2,86,2.9,15,2
7,440,16,13,6,8.0,39,75,3,43,10.6,20,9
11,297,0,0,0,6.8,92,30,0,100,13.9,11,8
11,715,18,13,0,8.1,36,73,3,53,15.4,22,5
8,528,3,0,0,7.2,46,63,7,62,19.7,16,3
5,190,16,14,0,7.9,66,39,3,83,6.0,10,3
4,314,8,7,6,7.0,21,92,0,30,5.6,10,7
8,534,1,0,6,6.1,82,42,0,100,6.1,14,6
8,312,7,7,1,8.8,81,30,6,88,4.8,33,0
3,221,14,11,5,6.7,38,82,3,40,6.2,8,5
6,336,6,6,4,7.0,36,78,1,40,9.8,22,7
5,255,5,0,2,5.1,88,30,6,95,10.1,12,2
2,236,0,0,6,7.1,58,56,4,76,1.6,14,8
8,612,14,10,2,6.9,90,30,5,100,13.1,10,9
6,393,6,2,5,4.9,58,61,4,75,6.0,17,1
2,190,16,15,5,4.3,55,57,1,55,1.9,7,5
5,369,1,0,2,7.0,59,51,6,73,2.6,22,0
1,224,8,4,6,7.8,64,62,5,81,0.8,7,1
10,600,8,2,2,6.6,23,85,6,30,11.2,12,4
6,369,12,8,1,5.1,44,63,0,59,4.4,13,0
9,696,5,3,3,7.3,88,30,5,100,22.2,30,7
1,246,5,1,6,4.4,49,71,7,63,1.1,7,0
11,510,19,14,6,6.2,87,30,3,92,8.4,50,8
11,546,19,15,4,4.8,48,62,4,56,9.9,15,9
10,430,2,0,0,4.9,92,30,5,98,16.8,10,2
3,177,16,16,3,5.0,87,30,3,100,1.9,12,1
7,507,16,14,5,5.9,70,56,6,80,15.6,19,0
4,410,11,10,6,4.3,43,71,1,58,9.7,22,8
9,669,15,15,2,6.0,33,75,5,38,8.9,20,3
3,159,14,11,3,6.6,88,30,3,100,4.2,9,0
5,392,12,10,4,6.4,37,84,6,56,2.7,14,0
3,317,0,0,5,5.9,61,53,6,76,5.3,8,6
7,413,16,14,0,8.2,76,30,6,87,9.3,21,1
5,265,2,0,0,4.7,31,70,1,47,5.2,5,6
9,455,14,11,4,6.5,36,78,0,40,8.2,40,6
7,571,3,0,4,4.3,49,64,1,61,12.7,25,9
2,92,3,0,2,4.4,94,30,1,100,2.7,6,8
4,234,17,16,6,6.9,42,84,7,46,3.4,18,6
9,486,16,12,0,6.8,20,80,4,31,16.9,36,0
2,140,18,16,5,8.4,51,62,6,59,3.3,7,7
10,607,10,4,3,6.8,28,85,3,30,22.2,13,7
9,582,19,15,5,8.8,34,87,5,36,6.6,23,3
10,454,2,0,1,4.2,47,66,4,47,20.7,11,7
5,316,7,2,1,4.5,43,61,6,60,9.2,6,3
2,180,13,10,4,4.2,79,33,2,90,1.5,12,7
4,230,0,0,2,4.9,54,51,1,62,7.6,14,4
7,495,13,8,1,6.7,46,54,2,54,9.7,8,3
8,352,1,1,0,7.2,39,67,6,56,19.1,32,5
3,269,3,0,5,4.2,84,40,4,100,2.3,17,1
1,211,18,12,5,8.7,68,51,3,74,1.8,7,1
4,344,5,4,4,8.2,20,100,4,30,5.1,20,1
2,318,0,0,6,5.5,29,94,7,41,4.8,10,8
8,578,16,10,6,4.4,66,54,3,82,9.3,14,9
4,372,7,6,3,4.8,78,30,3,79,9.7,11,2
2,216,18,12,4,4.6,81,32,6,94,4.6,12,9
6,282,0,0,3,4.6,37,73,0,39,6.2,21,3
6,528,4,1,6,6.6,65,61,6,69,12.6,24,9
10,716,15,15,4,5.2,51,57,1,64,24.9,14,7
4,260,5,2,4,5.8,46,70,4,48,4.0,8,3
6,430,7,7,4,8.9,37,78,3,43,8.2,22,9
2,318,12,6,6,7.4,58,70,6,75,3.1,10,9
10,432,15,10,3,8.7,68,44,6,80,10.9,13,6
2,144,2,0,3,4.7,63,56,4,72,1.1,11,4
10,786,18,12,4,5.9,91,30,4,100,9.4,14,8
4,199,11,11,1,6.8,73,34,7,88,4.3,9,3
8,586,15,15,2,4.4,53,61,3,61,11.1,10,2
7,453,10,10,6,4.0,90,34,5,91,5.9,34,1
9,423,9,3,2,7.4,55,52,7,59,20.2,38,0
8,530,19,18,2,7.2,37,78,2,53,15.3,34,5
5,400,3,0,3,6.1,57,62,1,60,3.4,13,9
2,133,11,10,3,6.4,78,33,1,94,3.6,7,1
5,194,1,0,1,6.1,28,79,5,36,9.0,21,7
8,504,18,12,2,4.1,92,30,0,100,19.3,34,5
10,574,4,4,2,5.7,91,30,7,92,5.1,22,4
9,591,7,2,4,4.9,70,50,5,87,9.0,22,1
9,726,6,1,3,4.5,54,50,0,64,21.2,21,6
1,98,13,11,2,8.8,24,92,0,36,2.4,5,1
9,502,2,0,5,7.0,33,86,5,40,17.5,23,4
7,300,17,12,1,7.6,49,51,1,49,14.2,29,1
9,374,15,9,5,5.6,23,91,2,39,6.1,32,9
8,558,18,18,5,6.0,58,60,1,69,12.2,21,1
1,149,18,18,6,5.2,83,40,6,86,1.0,10,6
8,622,17,12,6,4.5,44,84,1,56,6.9,14,8
8,571,19,18,1,4.9,47,52,1,55,17.0,25,4
11,800,15,11,5,8.0,85,36,7,91,8.5,49,6
3,180,7,7,2,7.4,41,65,5,45,4.3,5,3
1,174,0,0,3,6.7,50,64,5,54,2.4,7,1
8,422,16,16,1,6.4,42,63,6,58,7.0,17,2
3,200,11,6,4,8.6,67,51,6,75,7.4,10,1
3,168,10,6,5,4.4,39,72,7,44,7.5,8,4
1,87,4,0,1,5.4,57,49,5,75,1.6,3,5
11,330,11,9,0,5.7,74,35,1,89,9.2,44,6
5,205,16,11,0,7.9,87,30,2,88,5.7,5,2
10,580,5,0,6,9.0,20,93,0,30,13.5,46,3
7,427,0,0,3,5.2,26,87,4,41,7.8,31,7
10,282,4,0,2,8.4,76,30,0,80,10.6,42,3
9,579,13,7,3,8.2,31,84,6,45,22.0,21,6
7,502,4,0,3,5.1,24,87,6,36,5.6,17,5
9,297,0,0,3,6.0,69,39,0,81,17.7,39,6
8,236,17,15,3,6.0,61,43,4,73,4.0,27,0
2,272,15,11,4,8.9,31,90,1,45,3.4,12,2
1,204,8,8,4,4.9,37,75,2,50,2.3,8,5
7,642,18,12,6,8.0,85,39,2,92,7.5,13,2
7,493,4,0,1,5.7,93,30,0,100,6.1,29,6
8,376,1,0,0,7.7,36,71,4,53,14.4,16,8
5,398,14,11,3,6.1,87,30,7,90,9.6,8,2
3,183,6,1,6,6.9,90,33,6,99,5.6,15,0
8,311,3,0,1,8.2,81,30,3,81,9.1,9,9
6,162,0,0,0,8.0,60,42,1,64,6.0,18,5
11,558,12,11,5,8.3,53,61,7,65,26.5,16,0
3,202,19,19,2,4.3,89,30,0,89,7.0,5,0
1,106,6,0,4,7.5,64,50,2,71,1.4,7,7
3,264,14,14,5,4.7,77,42,6,79,6.6,11,8
5,170,13,12,0,6.1,70,30,7,72,7.0,10,1
3,233,18,17,5,6.7,53,65,7,59,4.0,11,8
1,74,19,13,2,6.0,63,40,5,66,0.8,3,4
5,505,17,13,6,6.6,34,85,5,36,6.8,26,7
10,250,9,8,0,9.0,89,30,4,100,15.7,10,6
7,313,8,5,5,4.7,69,43,4,76,3.8,33,6
7,480,7,2,4,7.4,51,69,0,53,9.7,32,3
11,404,9,4,4,6.0,86,30,7,92,22.7,26,1
9,640,16,14,1,4.7,22,89,3,39,16.7,37,4
10,560,1,0,5,4.8,93,30,2,100,17.7,15,2
10,358,5,4,3,8.7,70,49,0,80,23.2,13,8
3,202,4,1,5,8.4,86,31,3,100,1.6,11,5
7,568,8,8,6,8.5,67,52,6,72,11.3,27,0
1,67,4,4,0,9.0,36,69,4,43,2.1,1,2
4,244,17,12,0,5.0,26,71,5,30,6.3,16,3
4,322,19,14,6,5.8,32,97,1,41,4.6,10,8
5,350,8,4,5,7.3,85,38,7,100,3.9,10,5
7,601,16,10,6,6.4,23,95,6,30,15.9,13,3
7,562,16,13,2,6.1,29,79,5,32,10.1,23,0
11,782,11,5,6,5.8,36,81,2,46,24.8,50,7
4,212,6,0,4,7.0,71,43,2,85,6.7,12,1
7,474,2,0,6,6.9,25,89,5,30,12.9,13,7
11,748,9,3,0,4.8,88,30,6,96,23.2,44,5
3,284,1,0,4,6.4,93,30,5,100,5.5,16,7
6,228,2,0,0,6.8,28,83,3,46,7.8,12,5
2,67,15,12,1,6.9,40,58,0,52,3.1,3,4
10,414,1,0,3,5.1,43,75,4,58,21.1,33,4
9,549,9,9,0,7.7,23,85,3,30,11.2,36,9
5,264,5,3,4,4.1,43,79,1,43,6.4,14,9
6,318,10,8,1,5.8,78,30,5,97,4.1,19,7
4,212,6,3,0,7.9,22,73,1,34,9.3,16,6
11,341,14,11,2,6.8,87,30,1,87,7.5,13,7
10,848,5,3,6,5.3,59,66,3,63,18.0,46,7
7,303,19,18,3,7.5,67,41,4,71,9.3,24,6
9,549,8,5,0,6.8,73,31,6,86,11.8,27,1
7,224,19,15,1,8.0,54,49,2,67,13.0,8,8
1,131,11,7,2,7.7,75,38,0,82,0.6,3,6
1,233,18,18,5,7.1,59,51,7,62,1.7,7,5
9,359,19,13,1,6.4,87,30,2,93,18.4,10,8
11,906,2,0,6,4.7,65,61,4,84,23.7,28,0
9,433,14,13,1,5.3,32,73,7,50,7.6,28,1
4,262,1,1,2,6.1,46,64,2,60,9.2,14,0
9,645,1,0,1,7.0,25,81,5,30,16.3,37,9
3,234,2,0,2,6.6,36,81,5,54,6.8,14,2
7,343,5,1,0,5.4,55,48,3,63,10.3,14,4
6,404,14,9,2,4.0,21,82,1,33,9.5,8,0
8,558,9,8,2,6.5,71,40,7,84,18.7,10,3
11,665,8,3,3,5.4,85,30,4,98,25.3,47,7
9,667,0,0,2,7.7,71,39,4,80,12.6,29,5
5,297,15,9,2,4.1,62,55,2,77,5.2,12,0
1,198,5,0,5,6.9,41,85,3,45,1.3,8,0
3,186,8,3,0,8.7,74,31,2,79,3.8,9,2
10,560,3,0,6,4.9,86,30,2,87,10.7,16,9
8,493,1,0,3,6.4,79,31,4,91,8.3,19,7
11,879,3,0,5,4.5,77,46,2,89,24.4,38,7
6,384,0,0,4,7.1,31,82,1,49,3.8,28,2
8,528,18,15,0,6.8,88,30,2,100,14.8,32,6
9,288,9,5,0,6.0,58,37,7,76,7.6,9,2
4,296,14,13,4,6.6,32,78,1,32,4.8,20,3
1,175,18,15,6,8.5,60,64,4,67,0.6,10,8
1,118,15,11,2,5.0,76,30,3,91,1.0,5,3
10,585,3,2,5,4.1,72,50,5,73,20.4,45,2
4,268,1,0,1,8.3,31,72,7,38,9.1,17,4
7,545,12,10,3,6.9,32,82,1,37,6.6,24,6
2,73,0,0,1,8.5,93,30,3,100,2.9,3,4
3,210,16,10,4,7.0,76,46,3,86,4.3,7,3
1,58,12,10,0,8.1,59,42,1,75,2.2,2,7
5,185,3,0,6,6.1,64,59,4,82,10.1,26,3
1,50,6,6,0,7.7,54,41,0,64,1.5,3,1
8,632,16,10,3,8.6,22,88,3,30,14.7,19,9
1,34,8,4,0,6.9,24,82,3,30,2.2,1,5
11,594,3,2,0,4.9,30,71,4,40,5.7,11,1
1,144,18,12,3,5.3,90,30,4,97,1.3,6,2
2,202,0,0,5,5.0,75,44,2,83,4.6,9,0
2,250,9,7,5,5.2,29,96,4,30,4.0,9,4
6,324,3,0,3,5.5,53,58,3,68,9.5,21,8
7,586,8,7,6,6.8,86,35,1,91,10.9,27,1
5,264,12,8,4,6.9,91,30,0,100,6.0,14,6
1,51,13,13,0,6.1,50,46,6,57,1.5,1,4
1,140,9,7,6,7.1,94,31,2,100,1.8,10,1
3,147,5,0,0,4.4,90,30,6,100,4.0,3,7
2,144,15,14,4,4.4,85,30,1,96,3.9,10,5
5,405,5,0,5,4.9,89,32,0,93,11.1,15,3
10,412,16,15,6,6.6,60,69,0,78,8.1,26,3
6,342,9,8,2,5.1,82,30,0,99,8.4,26,1
7,415,17,13,2,5.4,51,62,5,59,9.2,16,2
4,232,17,13,2,6.0,39,76,1,40,7.5,18,6
7,426,2,0,5,8.1,76,41,7,95,7.0,12,2
11,499,19,13,5,4.1,69,55,2,80,19.6,16,4
8,692,14,11,4,7.2,44,63,2,45,18.0,20,9
11,550,14,13,0,7.3,31,73,0,40,14.7,22,5
1,120,3,1,4,8.0,90,30,1,90,2.3,7,5
6,332,8,3,4,8.7,58,53,5,61,14.9,22,3
8,380,18,14,5,4.1,36,82,0,47,5.7,21,5
5,243,16,10,2,4.8,64,44,4,72,4.8,12,2
4,251,10,6,1,8.4,30,83,7,33,9.6,5,6
2,130,8,3,0,6.3,89,30,6,97,4.8,4,6
6,464,9,4,5,6.8,42,80,2,47,4.2,23,3
6,288,17,16,2,7.3,89,30,6,89,3.2,8,1
11,501,19,15,6,7.4,57,60,3,66,9.0,50,6
1,72,12,7,1,8.7,21,92,0,34,2.5,4,2
9,527,7,4,1,9.0,91,30,4,100,7.7,28,0
11,870,6,3,5,7.6,56,58,2,61,16.6,16,1
6,294,16,12,3,5.4,68,48,6,85,13.2,27,9
3,84,14,8,0,8.4,71,34,7,90,1.6,9,8
4,260,19,14,1,4.2,52,48,5,67,6.8,9,7
11,772,14,13,5,5.2,41,83,1,55,11.6,38,5
4,297,0,0,5,8.5,24,92,2,39,8.9,9,5
3,244,13,7,2,5.3,37,70,7,44,3.2,5,0
10,526,4,3,6,5.1,57,61,6,69,18.7,16,1
3,159,10,10,3,4.7,56,50,1,66,5.5,12,3
3,174,15,11,0,8.3,83,30,6,89,2.8,12,2
4,280,1,0,4,6.5,29,84,1,45,2.3,12,0
7,397,7,4,6,7.4,61,56,5,78,9.2,13,7
4,416,10,5,6,5.2,67,53,5,85,4.3,22,6
9,501,17,15,2,7.8,63,54,0,75,19.1,20,3
1,61,2,0,1,7.8,35,63,0,49,2.1,2,8
8,594,0,0,1,5.6,73,38,2,73,11.3,17,3
7,313,10,9,2,6.1,54,63,5,69,12.0,16,0
2,165,15,13,5,5.0,47,72,4,51,3.4,13,9
8,404,17,15,1,8.9,21,88,6,30,17.2,17,0
1,163,15,15,3,7.2,32,87,6,41,1.4,4,0
11,539,9,6,0,8.7,60,48,6,78,11.6,44,0
9,639,17,11,6,5.5,78,50,2,82,9.3,33,3
9,429,5,2,6,7.9,88,32,6,94,14.2,33,0
2,89,18,18,3,7.8,72,41,3,85,2.8,11,1
7,289,3,3,1,7.5,64,50,1,66,9.7,22,3
10,412,12,10,6,8.8,39,89,6,51,6.8,26,6
3,161,13,9,4,6.0,43,80,7,55,5.8,7,1
7,315,2,0,0,4.7,80,30,1,89,6.5,14,7
10,430,9,4,0,7.4,77,30,0,78,8.9,40,6
9,705,5,3,6,7.6,46,72,6,51,11.9,15,8
4,274,0,0,2,6.9,45,61,7,52,3.8,18,5
1,183,13,13,6,5.0,26,95,4,30,1.7,10,3
2,200,7,4,2,6.5,61,43,7,72,2.5,10,5
1,179,18,13,6,5.6,66,58,5,80,1.4,8,3
5,460,13,7,4,6.1,72,46,5,79,7.9,9,6
5,460,9,7,5,7.2,78,48,0,84,4.5,10,8
11,550,16,12,0,7.7,57,52,3,70,8.9,11,2
7,419,8,6,6,5.2,88,33,2,100,15.8,20,2
9,579,5,4,4,6.0,72,41,2,85,12.3,31,1
9,372,10,8,2,5.3,34,76,4,46,11.9,20,0
3,150,6,6,2,5.0,45,71,0,45,1.7,8,0
3,102,16,13,0,7.9,67,39,0,85,4.5,12,2
3,117,0,0,3,8.5,38,72,3,38,4.8,6,6
4,396,4,0,6,5.9,28,99,6,31,6.5,10,8
8,242,8,3,1,7.8,83,30,2,92,15.3,25,1
6,356,17,17,2,8.5,73,39,6,75,5.1,20,6
8,565,1,0,5,8.2,70,50,0,89,8.0,37,0
1,237,10,10,5,4.9,58,54,6,66,2.1,6,1
8,228,5,3,2,8.8,23,79,5,30,19.2,26,5
4,171,7,7,3,5.9,22,87,4,30,3.1,15,4
11,668,3,3,3,5.7,83,30,2,88,16.4,14,7
1,137,17,11,4,4.3,48,74,3,59,0.9,6,1
8,505,10,9,5,6.4,30,87,4,30,5.0,29,0
4,292,4,2,4,4.5,77,40,1,92,4.6,8,6
6,356,14,10,5,5.2,94,30,5,98,4.7,23,5
8,442,17,11,6,5.6,46,78,3,54,15.4,38,7
4,460,1,0,6,8.0,40,78,7,49,6.3,18,7
3,214,10,4,1,8.4,58,44,4,70,2.4,4,1
9,531,12,9,6,5.5,65,56,0,79,4.7,33,7
3,233,3,0,1,8.3,85,30,1,96,6.3,13,5
9,768,6,1,6,8.3,55,71,3,59,7.7,42,8
2,78,10,10,0,7.8,94,30,0,98,3.4,6,6
2,230,3,0,6,4.7,84,42,5,100,2.3,12,1
2,242,14,13,4,7.5,82,31,7,93,3.3,12,7
6,254,0,0,2,8.7,54,51,1,56,6.8,26,8
3,256,2,0,4,7.4,50,58,2,56,2.0,10,6
9,665,13,13,2,5.7,47,64,7,63,8.5,20,3
4,339,5,4,3,6.5,20,91,0,38,3.5,19,8
1,93,17,12,4,7.2,44,63,4,61,1.4,7,3
4,281,0,0,3,6.6,62,53,6,62,7.3,7,3
1,78,5,5,1,4.6,86,30,3,90,1.0,4,8
5,233,5,0,1,5.6,82,30,1,83,2.6,16,7
4,156,15,14,0,8.0,70,41,0,70,6.2,8,3
8,608,4,0,6,8.3,21,100,2,30,13.7,22,7
8,520,16,10,4,4.7,83,30,6,93,19.4,20,7
7,296,9,3,3,8.8,93,30,3,100,11.8,31,6
3,181,17,17,2,5.6,88,30,3,100,4.3,14,9
1,43,6,6,1,7.3,28,71,0,44,1.6,4,5
1,231,2,0,6,7.8,21,100,2,30,2.4,9,7
11,441,12,10,1,8.1,53,56,5,59,23.7,12,6
3,192,14,11,2,8.7,79,33,6,85,3.4,11,4
6,414,19,18,6,5.6,80,49,5,89,5.8,24,3
7,532,18,17,6,8.3,50,72,1,52,7.2,20,1
6,273,2,0,3,4.7,29,77,0,40,9.1,15,7
6,273,3,1,3,7.5,55,61,6,57,11.9,15,8
6,450,4,2,4,7.7,68,50,1,78,9.0,16,3
3,227,0,0,4,7.4,89,34,7,100,1.9,10,3
6,452,3,0,5,5.3,68,45,5,71,11.7,11,4
8,522,11,6,5,8.4,22,97,7,37,16.9,13,1
11,352,9,5,0,4.8,93,30,7,100,11.9,11,6
11,484,19,13,1,4.3,24,79,6,41,20.1,23,4
2,224,12,6,4,7.6,80,32,3,83,2.7,12,5
5,432,13,13,3,6.4,45,67,1,50,11.4,13,3
1,112,4,0,2,8.2,91,30,7,100,2.2,4,7
1,108,3,2,3,5.9,24,81,2,30,1.6,4,7
5,147,13,10,1,4.8,34,67,4,36,9.4,11,4
3,256,9,9,5,8.2,35,79,5,39,6.8,8,5
4,238,16,15,3,6.7,20,100,5,36,6.0,11,2
3,150,9,8,0,4.9,35,67,2,48,3.4,9,0
1,79,6,1,1,7.6,56,49,6,64,2.0,5,8
1,144,15,13,5,6.6,22,99,6,30,0.9,9,8
5,241,0,0,2,7.0,71,37,6,83,6.4,7,2
6,316,16,16,5,6.3,66,46,1,68,13.4,23,3
3,363,8,6,6,8.1,32,95,0,42,5.8,18,6
9,612,5,4,0,8.1,74,30,7,75,11.8,9,1
5,192,18,16,1,7.5,40,73,3,54,4.6,11,2
8,544,12,8,2,4.5,85,30,4,97,9.7,18,5
1,37,2,0,0,8.2,73,37,0,91,1.1,3,7
5,375,6,5,5,7.4,46,79,0,61,4.3,25,0
3,93,8,3,0,7.5,57,48,2,74,6.0,6,3
1,76,4,4,1,5.8,77,30,1,83,1.0,2,0
4,376,9,6,4,8.4,81,42,5,93,5.6,12,1
5,300,16,14,0,7.6,65,46,5,68,6.4,10,7
7,410,11,5,6,4.6,30,94,2,38,17.2,34,5
1,28,15,9,0,6.0,91,30,1,100,1.3,4,8
3,198,2,1,5,8.4,27,92,2,35,2.0,8,1
2,260,8,5,5,4.2,90,30,5,96,1.4,11,2
9,682,14,11,2,8.8,83,31,0,97,15.1,29,8
10,875,4,0,5,7.4,40,70,3,47,17.0,25,8
6,438,12,9,3,7.2,91,30,7,100,8.0,9,5
10,387,13,7,1,5.4,82,30,6,92,13.6,31,2
3,172,19,14,1,5.2,83,30,1,87,1.8,10,4
8,504,14,13,4,8.7,39,74,7,40,12.3,20,1
8,496,15,14,4,5.5,27,89,4,36,12.1,12,6
2,143,12,10,1,7.9,77,37,4,92,1.6,7,9
6,390,16,14,6,6.0,65,54,0,77,4.2,30,7
7,466,7,5,4,4.7,50,57,2,57,5.2,32,5
2,120,1,0,2,4.1,28,79,2,36,1.4,6,7
11,564,4,0,5,6.7,34,86,5,44,18.9,27,1
10,351,5,0,1,8.9,45,61,0,55,8.9,21,2
2,148,11,5,4,5.8,29,89,5,44,2.0,8,6
10,699,17,11,1,5.8,48,52,5,57,8.5,31,9
1,158,0,0,3,5.7,55,52,4,66,2.4,4,0
8,384,16,11,0,6.6,56,42,5,61,17.7,16,6
1,180,10,4,5,6.2,90,32,7,100,1.0,7,5
9,487,9,6,1,8.4,42,65,6,51,10.4,28,7
11,561,18,15,0,6.5,60,39,5,77,10.1,22,6
6,534,13,9,4,6.5,47,66,4,64,8.9,16,3
7,196,9,4,0,4.7,67,43,6,70,3.8,7,2
10,600,14,12,5,8.9,57,53,2,65,18.4,45,2
7,312,18,18,1,5.2,50,59,1,56,10.8,15,3
10,714,3,0,3,4.4,33,72,3,50,23.0,33,8
3,303,1,0,6,7.3,92,30,5,99,2.5,9,8
2,112,8,8,4,7.0,48,69,7,58,4.2,10,1
9,461,9,6,1,6.1,70,40,6,76,18.8,10,4
8,446,10,6,5,6.1,68,43,1,76,6.0,13,0
10,506,13,9,4,7.9,62,51,4,69,13.0,24,3
7,466,6,5,2,5.0,91,30,1,93,5.9,16,1
9,306,14,11,0,8.1,24,81,3,40,9.1,18,7
4,336,18,15,6,7.2,61,53,7,62,4.1,22,3
4,301,14,9,5,6.1,26,90,1,40,6.4,21,4
1,83,7,3,2,6.3,61,43,7,74,1.3,5,3
8,573,10,4,1,5.3,55,53,6,72,19.2,17,4
3,219,8,5,3,7.8,46,59,1,61,2.3,15,4
7,543,14,10,4,6.6,77,45,7,96,17.1,18,4
2,90,0,0,0,5.6,65,36,1,68,1.9,8,2
2,234,0,0,4,7.0,85,34,1,100,4.1,12,6
7,394,18,13,6,9.0,44,73,0,49,8.2,13,2
6,391,2,1,1,6.2,92,30,5,97,4.7,13,1
3,273,9,3,4,8.6,46,72,4,56,6.6,10,2
9,531,7,3,0,5.7,20,81,3,36,10.1,36,2
10,546,14,11,1,4.3,93,30,4,95,18.2,21,7
6,270,9,6,4,5.0,61,53,0,73,9.8,28,3
10,692,0,0,3,6.1,71,45,0,73,14.4,23,2
10,400,17,13,5,5.1,44,70,6,59,14.9,15,9
6,228,1,0,1,4.0,73,30,0,87,11.8,13,4
1,208,18,16,5,8.6,86,32,5,96,0.7,6,3
4,182,12,6,1,8.2,25,83,0,42,7.3,13,8
10,490,0,0,3,7.7,77,32,1,91,22.9,23,7
6,464,1,0,5,4.8,89,30,4,93,3.7,17,6
6,220,15,10,2,4.6,72,35,2,87,4.7,14,7
11,649,14,11,0,4.3,85,30,3,100,21.3,11,4
5,229,12,10,2,7.6,77,34,0,93,6.9,12,3
1,165,15,11,4,8.6,21,96,4,30,1.3,6,6
8,417,16,15,3,6.2,41,69,6,43,6.2,35,0
5,223,6,2,2,4.6,56,46,0,75,7.6,17,5
5,348,16,12,1,6.6,39,62,5,51,3.8,6,7
7,597,6,4,4,5.7,43,69,0,45,10.2,32,6
4,432,12,6,4,5.9,84,39,0,90,8.1,8,1
6,292,4,1,2,7.1,84,30,7,89,6.1,26,6
4,276,16,12,2,7.6,20,87,7,30,5.8,14,5
3,180,2,0,3,4.6,22,90,0,33,7.5,15,4
7,301,6,6,0,4.2,65,30,6,79,13.1,7,3
8,272,16,11,2,9.0,74,30,7,93,17.5,18,0
4,392,6,0,6,5.2,94,30,0,96,5.3,14,1
2,164,0,0,2,4.3,83,30,3,92,4.1,8,6
10,865,16,15,5,4.9,64,56,4,64,5.8,15,9
3,210,16,11,1,4.2,45,53,7,63,2.2,4,2
1,261,10,9,6,6.0,84,30,7,100,0.9,7,4
8,810,2,0,6,8.0,43,82,5,55,10.4,30,7
3,365,14,9,5,5.7,93,30,0,100,6.6,11,7
10,720,10,7,5,6.2,54,56,0,54,11.9,45,5
7,479,15,10,4,7.4,43,66,0,61,12.7,25,4
10,570,8,4,0,6.5,47,56,0,62,19.2,40,1
5,310,0,0,1,8.3,35,76,7,49,8.4,11,8
10,357,15,9,3,8.3,78,42,1,93,12.1,33,0
5,333,8,7,6,4.0,73,53,1,83,8.3,16,1
7,338,18,14,3,7.9,35,72,2,40,8.3,31,0
9,551,11,9,2,6.3,34,71,0,44,6.0,11,3
5,204,18,13,2,8.9,30,87,2,32,12.4,7,3
1,176,8,3,3,6.4,84,30,3,98,0.8,7,4
10,718,6,2,2,8.9,87,30,2,87,6.4,12,4
10,280,13,10,0,7.8,62,36,4,68,22.6,40,7
1,217,18,13,5,5.2,88,30,1,88,1.1,8,2
2,92,18,15,2,6.7,32,74,1,48,3.6,8,5
6,230,1,0,4,9.0,29,90,0,37,6.9,22,2
9,646,8,2,2,8.3,94,30,7,100,11.5,11,1
8,451,12,9,1,4.5,60,44,0,70,8.2,17,7
5,280,14,14,0,7.5,69,30,3,88,5.9,5,0
1,55,2,0,1,5.7,90,30,5,95,1.3,2,8
7,264,10,8,1,4.0,78,30,3,78,13.6,15,6
5,362,13,11,4,6.0,58,65,4,64,7.6,14,9
6,192,7,2,0,5.2,22,86,0,33,14.3,12,3
7,189,17,12,0,8.1,26,84,0,45,4.1,14,2
3,204,18,15,0,5.7,68,40,3,86,4.5,3,5
10,270,15,9,0,8.1,45,65,3,61,16.7,40,8
3,138,1,0,0,4.0,52,50,3,55,7.0,9,8
5,202,7,7,4,5.5,67,42,1,69,3.0,24,3
6,226,5,2,2,5.2,21,80,2,30,9.9,8,9
9,459,11,11,1,5.2,90,30,2,100,19.9,19,4
5,340,14,11,0,4.3,51,58,0,65,4.9,15,8
1,116,7,6,6,4.9,23,99,1,30,2.3,9,1
4,296,3,2,2,6.8,39,75,3,39,2.2,18,1
5,283,14,10,2,5.5,55,62,0,74,9.8,7,4
10,634,19,16,1,6.1,51,59,1,64,23.7,11,0
10,708,16,10,4,5.9,47,60,4,50,18.1,14,7
5,280,12,7,3,8.4,20,88,5,30,6.9,18,4
7,417,17,15,3,8.5,79,37,1,91,4.1,31,9
4,182,1,0,2,6.5,75,39,6,89,9.4,14,1
1,136,12,7,5,5.7,54,58,0,59,1.4,8,8
5,530,12,11,5,4.5,49,75,7,49,2.8,15,1
7,442,14,11,1,8.8,73,41,2,91,13.2,29,6
10,368,19,15,3,4.3,55,51,6,67,14.6,23,7
10,452,9,6,2,5.5,74,42,3,79,7.5,12,5
6,442,2,1,4,5.5,77,43,5,91,5.6,22,6
5,314,18,14,3,5.6,84,31,7,99,3.1,23,0
4,188,2,1,2,4.8,88,30,4,100,6.6,6,3
2,176,13,13,2,7.9,70,41,7,79,3.5,10,6
4,216,7,6,0,4.6,41,70,5,49,6.0,12,0
10,524,3,0,4,7.2,72,42,7,80,21.3,44,0
10,360,19,13,0,4.6,55,56,5,71,22.2,10,5
3,135,10,7,1,4.4,87,30,1,100,5.2,7,3
10,400,10,8,0,8.5,55,41,0,71,5.3,30,2
1,282,10,9,6,5.0,71,51,7,82,1.9,8,4
8,256,1,0,0,8.1,72,32,7,84,10.7,24,8
5,400,16,10,6,6.7,69,54,0,80,8.2,11,9
4,168,8,6,3,4.4,60,49,5,73,7.2,15,9
8,385,1,1,5,8.8,37,76,3,46,9.6,21,9
7,398,14,10,2,5.2,41,71,0,59,16.3,23,2
2,360,15,11,6,8.3,85,38,5,86,1.5,8,4
1,179,3,0,4,4.8,40,79,0,43,1.8,7,9
11,572,7,5,0,8.3,63,36,3,81,5.6,22,4
4,388,8,2,6,4.1,66,52,4,72,9.4,10,8
8,404,4,0,4,6.6,58,49,6,72,5.8,20,9
2,188,15,14,5,7.8,48,67,5,62,1.4,11,3
3,322,12,10,5,8.7,73,45,2,78,3.5,17,0
1,68,6,3,0,8.5,36,73,2,38,1.2,2,9
1,52,19,18,1,8.1,79,30,5,84,0.9,4,4
3,162,16,15,0,8.4,50,60,1,65,5.0,12,0
11,594,2,1,3,5.0,92,30,4,93,15.2,47,5
5,388,4,1,6,5.4,68,50,1,74,2.8,11,9
3,150,18,18,2,5.4,21,82,6,31,3.4,14,9
1,63,11,6,1,5.9,67,40,2,73,2.1,3,6
1,42,6,0,0,6.0,33,62,3,36,1.9,2,0
8,312,8,4,4,6.7,78,42,5,97,15.6,36,9
10,656,5,0,1,4.8,77,30,6,83,19.0,31,3
11,784,16,14,6,7.5,77,47,7,80,12.3,28,8
2,150,15,15,1,4.8,70,33,7,81,1.4,5,0
3,378,2,0,6,5.6,21,100,0,30,3.1,9,8
2,72,3,0,0,6.5,60,46,2,78,4.3,6,7
3,312,9,5,6,8.0,35,87,4,39,7.4,18,4
7,436,4,1,1,7.7,23,81,2,41,10.4,22,5
1,118,9,3,4,7.2,31,82,4,33,0.5,5,6
10,785,11,10,5,4.8,48,72,4,58,7.8,15,3
8,470,9,3,1,6.7,26,75,5,32,9.2,25,5
10,626,12,11,6,4.4,33,80,4,49,16.6,16,6
10,835,10,7,5,5.9,31,91,1,39,6.5,15,5
10,386,15,9,6,6.1,24,97,7,32,23.9,16,5
2,190,7,7,4,4.2,51,64,6,60,2.5,10,1
3,291,7,7,6,5.4,93,30,3,100,7.0,9,4
9,234,7,5,0,8.8,62,42,2,76,18.5,36,2
7,427,12,9,2,8.8,88,30,3,92,14.1,30,6
4,173,1,1,1,5.8,64,39,6,66,6.9,9,3
10,280,11,5,2,4.2,28,87,0,35,17.5,42,0
5,295,9,6,6,4.9,68,47,6,87,8.9,16,5
2,222,11,7,4,6.0,52,65,2,61,3.5,10,5
11,550,10,9,1,8.7,37,66,7,49,17.7,12,6
8,592,14,8,6,4.7,28,87,3,30,19.8,38,7
4,232,15,14,5,7.8,81,39,3,88,7.9,13,2
9,486,16,15,3,4.5,76,42,5,84,18.5,30,5
5,270,1,0,6,8.9,48,77,5,59,11.2,16,9
9,583,17,14,2,5.9,44,66,6,54,8.4,11,1
4,207,11,9,1,7.9,34,69,6,35,2.7,17,8
10,742,18,17,2,5.7,25,90,0,42,14.7,32,1
5,222,17,15,1,7.1,61,43,4,69,7.6,11,2
9,636,16,15,6,5.0,48,79,2,49,19.4,33,9
8,488,5,3,0,4.7,23,80,5,30,11.1,16,1
3,278,14,12,5,8.7,76,35,2,78,4.9,11,8
1,300,2,0,6,8.6,68,52,0,83,1.6,7,0
3,234,5,3,2,8.4,63,39,5,81,1.7,5,4
4,299,2,0,3,7.1,94,30,5,97,6.9,11,0
2,162,0,0,3,8.0,33,77,4,50,4.3,11,4
1,173,12,11,4,4.3,22,90,2,41,0.8,7,7
7,455,13,11,1,5.7,81,30,7,98,11.8,22,7
8,514,12,12,2,5.6,83,30,2,92,13.5,10,7
7,404,3,0,4,7.2,64,53,2,74,5.8,32,1
5,386,6,5,2,5.8,77,30,4,93,3.7,12,7
1,66,9,9,1,4.7,39,60,5,58,2.5,2,4
7,350,6,5,6,7.0,77,36,0,92,9.0,20,0
7,342,14,11,6,8.1,76,38,2,95,6.7,20,6
9,363,14,9,3,5.9,87,30,3,99,7.6,12,5
3,270,3,0,6,4.7,71,53,7,72,5.5,18,4
9,525,5,2,6,5.0,56,57,7,57,15.5,33,0
1,38,19,14,0,5.2,27,68,4,40,1.8,1,0
1,147,4,1,3,5.5,63,54,1,66,0.7,7,5
4,280,19,19,4,7.2,24,86,0,40,9.1,12,9
9,465,11,7,5,7.0,88,30,3,100,11.5,14,6
6,354,0,0,0,7.5,50,55,2,53,6.8,18,9
11,406,7,4,4,5.8,64,55,1,66,15.7,37,9
3,178,0,0,1,8.1,28,85,0,39,3.8,7,0
1,26,4,4,0,5.0,51,56,4,58,2.2,1,8
4,280,5,1,4,6.3,52,56,1,53,9.4,16,3
9,411,2,2,1,8.0,86,30,5,91,10.0,10,4
3,246,14,9,3,4.9,49,60,6,58,6.7,12,1
9,591,4,3,5,4.5,48,75,1,59,18.6,23,9
7,333,13,7,1,8.4,22,76,6,31,16.5,15,7
4,400,17,13,6,5.7,76,53,7,85,4.0,10,1
3,203,15,10,2,7.4,49,62,3,51,5.0,14,2
10,277,5,1,1,4.1,28,72,0,47,10.5,41,8
5,280,13,8,1,7.5,45,63,3,54,10.7,11,1
5,365,7,7,5,5.6,21,93,3,30,2.6,20,5
3,258,6,3,2,4.3,81,36,2,100,4.9,14,3
9,591,7,6,6,7.0,22,97,4,40,10.6,24,6
4,200,12,10,4,5.2,65,51,1,78,4.6,16,5
11,315,5,3,4,5.9,87,30,0,88,19.7,37,9
5,234,17,17,1,4.4,44,56,7,48,11.0,21,8
4,128,1,0,2,4.7,70,40,5,89,6.9,10,8
5,343,7,6,2,5.5,32,78,4,39,11.0,17,9
7,587,10,10,6,4.4,63,63,4,69,7.2,27,3
9,355,0,0,5,8.6,54,67,0,59,13.9,14,0
7,385,5,2,3,4.0,74,44,4,84,9.8,10,1
5,257,15,15,4,6.4,28,88,2,39,2.6,24,7
10,630,19,16,5,4.6,21,98,4,38,16.1,15,9
10,320,11,10,0,5.5,80,30,7,98,18.2,20,7
7,359,10,10,4,8.6,60,56,7,69,11.8,32,1
10,740,9,8,5,4.8,63,48,2,76,19.7,45,3
5,212,2,2,4,8.8,83,40,1,85,8.2,9,0
3,276,12,11,3,5.0,50,60,1,67,1.9,12,6
7,273,2,0,0,7.7,66,35,3,80,5.1,14,3
11,347,14,8,3,6.7,21,91,7,30,18.6,25,7
11,993,15,12,6,8.4,88,30,2,97,11.5,28,8
2,72,12,11,0,6.8,77,31,5,88,1.3,8,8
9,524,16,16,1,6.7,63,51,1,69,12.2,19,2
10,780,2,0,5,5.0,93,30,4,100,16.1,35,4
10,520,19,16,0,4.8,75,30,0,75,11.6,30,5
1,109,10,7,6,8.6,62,54,0,79,1.9,7,5
6,468,18,13,6,5.6,53,67,6,67,10.7,18,9
7,332,10,8,3,5.9,49,67,7,67,8.2,31,7
8,516,15,14,4,7.8,90,30,2,90,16.1,12,5
10,420,2,0,0,5.7,89,30,5,93,18.0,30,5
9,617,5,5,5,8.8,74,44,3,88,16.0,23,3
2,60,13,8,0,7.7,86,30,4,88,3.2,6,6
11,638,17,16,2,7.0,32,78,2,32,5.8,13,7
10,634,16,12,4,8.4,22,95,6,30,18.9,34,2
2,349,3,0,5,4.2,45,71,0,56,2.5,9,6
5,255,14,11,5,5.3,76,42,2,94,11.9,15,2
5,246,10,6,1,6.3,43,60,4,54,10.7,6,7
6,291,2,0,3,5.1,72,47,5,84,10.1,15,0
3,200,2,0,1,7.7,89,30,7,89,3.0,10,0
8,342,15,11,5,8.6,62,54,5,80,7.3,29,5
1,203,4,0,4,6.1,79,43,1,84,1.2,8,9
6,348,9,5,0,5.7,77,30,4,84,8.7,24,8
4,136,18,17,0,8.8,68,42,6,71,4.4,16,3
1,117,3,0,4,6.2,61,46,1,65,1.5,7,5
7,342,18,13,5,6.4,85,30,1,91,5.8,26,4
9,453,10,6,6,5.8,30,89,1,33,22.1,15,0
4,220,1,0,0,8.5,37,62,2,56,2.9,16,5
4,384,9,4,6,6.8,71,58,6,74,9.5,18,8
6,198,10,9,0,7.8,65,37,0,79,14.0,6,2
3,141,19,18,0,8.1,63,32,5,67,4.7,9,2
6,375,15,12,3,5.7,41,64,7,49,11.7,9,1
7,297,18,13,3,6.2,72,46,2,73,9.6,31,3
11,709,10,5,2,8.2,78,33,0,84,19.4,46,9
10,478,13,10,1,5.8,49,58,5,65,11.8,41,2
10,442,1,0,4,8.0,27,83,7,42,11.0,34,1
3,292,4,1,4,8.7,76,35,6,92,5.0,13,0
7,341,4,0,4,7.1,92,30,7,100,10.5,11,2
3,200,18,13,2,7.7,39,74,6,40,5.0,8,9
2,158,11,5,3,8.0,44,72,4,54,2.1,7,5
10,730,17,13,5,8.2,38,73,7,39,12.3,45,8
4,358,3,0,6,6.0,24,100,5,30,2.7,14,4
8,338,16,16,6,4.3,94,30,5,95,4.8,38,2
9,662,9,9,5,6.0,91,30,6,99,9.1,14,4
7,482,19,15,2,7.4,46,57,5,47,4.5,16,4
1,186,5,2,5,6.3,59,57,3,73,0.7,7,4
3,347,13,10,4,7.7,45,71,4,54,6.4,16,6
9,590,10,9,1,5.8,46,52,2,60,5.2,10,4
1,53,10,5,0,7.2,81,30,7,90,1.8,2,6
9,738,17,15,6,4.9,69,52,2,85,9.4,24,8
8,568,17,11,3,7.7,61,57,0,69,17.9,19,4
1,156,10,6,3,6.7,48,70,2,65,1.5,4,1
6,444,11,9,2,5.0,58,45,1,61,6.7,8,4
5,334,4,2,3,5.5,79,30,5,87,7.7,13,7
6,274,8,4,4,7.7,60,55,2,75,7.6,28,3
10,702,8,5,6,6.4,52,69,0,55,16.3,46,1
5,345,9,5,5,5.1,35,81,0,50,3.6,15,9
6,384,18,16,4,8.8,42,76,1,60,15.0,10,2
5,232,0,0,2,7.6,26,83,0,30,6.8,12,8
11,501,6,0,4,8.8,45,67,6,50,13.2,15,8
5,420,3,0,5,6.1,31,80,3,40,9.6,15,7
4,227,0,0,1,6.4,91,30,6,100,4.9,5,7
3,141,14,9,2,8.5,24,93,5,30,6.5,11,7
3,121,7,4,1,6.6,88,30,5,100,4.2,13,7
4,204,11,11,0,7.5,68,32,5,83,7.8,12,7
9,426,17,13,1,5.3,45,57,4,64,6.4,37,0
2,124,14,8,0,6.2,24,72,2,30,4.4,2,5
9,351,16,11,0,4.6,41,62,3,51,17.7,27,8
1,83,13,9,1,5.0,32,79,2,34,0.9,5,7
1,104,13,7,2,4.0,47,57,3,66,0.8,4,2
5,370,17,12,5,4.2,52,61,2,61,5.7,10,0
6,542,19,13,4,8.9,42,79,1,42,14.7,10,1
6,298,17,14,4,5.2,37,77,7,56,6.1,16,1
3,205,15,15,5,7.3,49,64,6,59,4.2,11,6
7,451,0,0,6,8.2,45,83,0,56,3.9,34,5
9,603,10,5,6,6.8,35,81,0,48,11.7,15,1
11,550,14,8,0,4.8,58,52,6,65,18.1,44,7
10,690,11,8,0,7.6,52,54,1,62,24.1,20,8
8,388,7,6,2,7.0,45,71,3,48,12.3,10,6
6,366,19,15,3,7.7,67,44,6,73,12.8,15,3
8,525,5,1,1,7.8,84,30,4,93,12.8,33,0
5,345,2,0,0,8.9,57,47,3,75,2.9,20,3
8,488,12,9,4,6.9,21,90,0,30,9.0,36,3
10,656,12,6,2,5.7,25,85,4,30,16.5,12,7
4,182,1,0,1,7.2,65,42,2,82,9.6,9,3
10,662,4,0,2,4.3,69,38,4,82,22.2,22,3
8,323,16,10,1,8.5,57,41,3,72,7.7,33,1
10,463,5,3,1,4.6,37,67,1,47,9.4,41,9
2,235,1,1,5,5.6,46,64,2,55,1.8,13,6
5,140,3,0,0,8.1,60,49,3,76,11.7,20,3
9,566,10,4,2,7.0,91,30,2,100,19.8,29,5
4,224,7,5,2,6.0,93,30,4,96,8.2,14,2
11,779,11,11,5,6.4,36,82,0,54,14.1,38,6
6,438,7,4,4,8.3,81,30,3,82,9.1,28,5
1,169,10,8,4,5.7,48,72,7,54,1.4,8,2
9,669,19,14,6,8.3,77,51,1,85,9.1,24,3
1,53,7,2,0,4.4,89,30,7,100,1.5,1,9
5,310,7,2,0,7.9,41,55,7,56,2.8,10,4
4,390,16,10,3,8.2,25,85,6,40,3.1,15,8
3,315,19,15,5,4.9,45,74,4,62,6.8,11,5
6,532,19,17,4,6.2,58,49,3,68,12.0,28,3
2,93,15,12,1,4.8,31,79,1,37,2.7,7,6
3,259,13,11,2,7.5,33,68,3,41,4.6,11,1
5,205,10,6,0,6.7,41,58,4,44,6.2,5,3
9,357,6,6,2,7.2,70,46,3,82,17.8,11,4
2,174,15,11,2,5.0,42,73,2,45,4.1,8,3
10,376,12,7,3,5.1,67,53,4,85,20.3,33,3
8,340,14,8,4,4.2,90,32,3,91,15.6,20,8
2,106,15,15,0,5.6,69,38,6,77,1.8,6,1
11,679,8,2,2,6.8,32,79,0,43,12.9,46,5
5,170,2,0,0,8.3,29,82,3,30,7.2,10,7
7,482,18,17,1,7.3,74,40,2,79,8.1,29,7
8,477,19,15,3,6.2,28,77,1,32,16.1,35,6
1,70,4,0,1,8.8,71,39,6,75,1.2,5,9
6,210,9,6,0,7.6,21,87,1,40,4.7,18,3
1,232,16,14,6,8.7,44,79,7,48,1.3,7,6
2,64,14,14,0,6.6,32,72,6,35,4.9,2,9
1,158,7,1,4,5.3,70,39,1,78,1.0,8,5
11,394,14,14,2,4.3,77,40,0,86,19.0,35,5
5,247,13,10,2,7.6,53,62,2,68,6.8,12,1
10,447,19,16,1,4.6,54,52,7,63,6.4,41,7
9,555,6,0,3,5.5,22,91,4,31,13.3,21,7
6,450,11,9,6,6.7,78,42,1,96,11.4,18,6
11,874,16,10,5,6.8,89,33,6,98,16.8,38,8
11,561,16,10,2,7.0,67,38,2,72,24.7,35,7
1,93,9,4,4,4.8,83,30,3,99,1.1,5,8
1,78,18,16,1,5.9,38,76,0,42,0.7,2,8
2,163,13,9,1,7.1,86,30,2,91,4.7,7,5
9,335,10,5,5,8.8,92,33,2,100,11.3,41,1
3,301,1,0,4,7.6,24,91,4,42,5.0,7,6
1,94,17,15,3,8.6,86,30,2,100,2.1,5,2
5,260,6,3,4,7.8,30,81,4,33,5.7,24,6
7,313,11,6,3,7.0,87,30,0,94,13.5,17,8
6,264,1,0,4,5.0,88,30,0,100,4.6,22,9
1,127,19,19,4,7.3,20,90,3,38,1.1,6,9
5,335,17,11,0,7.1,82,30,4,100,3.9,20,1
5,167,5,4,1,7.0,48,58,4,50,10.6,16,5
6,542,9,5,4,6.4,31,87,1,40,5.7,28,5
3,359,19,13,5,6.6,60,59,1,61,5.8,11,8
5,367,14,14,4,5.7,21,87,3,30,11.9,24,8
7,402,4,4,2,6.6,56,55,0,61,10.9,23,4
5,222,19,18,1,5.0,64,43,5,74,7.9,11,4
5,177,2,0,2,8.0,67,39,1,80,7.1,12,8
5,247,4,1,1,4.9,43,56,2,58,5.8,6,7
10,474,7,2,2,4.4,41,61,0,59,14.5,12,6
10,788,7,3,4,6.2,30,86,5,31,17.1,44,7
3,225,7,5,4,7.3,77,45,7,93,7.4,7,5
1,60,11,11,0,6.2,65,41,2,73,2.4,1,2
5,360,7,5,5,5.4,48,62,6,64,11.1,10,6
9,371,10,7,2,6.8,54,54,4,68,20.5,11,7
1,133,13,11,3,5.7,34,85,0,40,1.4,6,7
3,93,7,3,0,8.7,79,30,6,97,5.4,9,0
4,252,9,7,2,8.6,61,54,3,63,9.2,6,6
1,105,6,3,2,6.5,62,50,4,62,1.3,6,2
1,29,16,13,0,5.6,93,30,4,96,2.4,3,1
8,320,3,0,4,7.7,68,48,2,85,10.7,12,1
2,174,12,8,2,4.2,83,31,6,90,3.4,8,7
8,492,3,0,4,6.4,51,60,4,69,15.4,20,8
7,224,4,4,0,5.7,83,30,1,88,16.8,21,2
10,444,3,0,4,8.6,21,91,0,30,9.9,34,2
10,643,17,14,1,4.1,43,65,1,50,19.9,41,5
2,169,5,3,3,6.8,85,30,2,85,3.1,9,9
6,576,1,0,6,7.7,57,65,5,75,6.2,30,0
6,314,10,8,2,6.4,50,52,7,60,12.3,14,5
3,225,13,8,5,4.4,45,73,2,59,4.8,8,2
11,430,4,2,3,8.9,48,69,0,58,20.0,47,3
2,254,5,1,6,6.6,86,36,4,100,2.3,12,8
1,181,9,7,4,7.1,44,66,6,53,1.5,7,2
6,274,7,3,2,5.2,67,39,6,78,10.4,26,0
5,266,13,9,4,6.4,84,36,3,84,6.5,14,2
11,464,2,0,1,6.1,72,30,2,78,9.9,12,6
9,243,11,11,0,4.4,86,30,0,100,21.8,27,6
1,118,15,10,2,4.5,37,79,3,46,1.5,4,4
7,418,16,13,6,8.2,28,91,4,33,13.8,13,0
5,340,0,0,6,5.2,57,72,5,73,6.6,11,7
5,351,9,3,1,5.0,40,74,2,57,6.1,16,9
2,167,9,5,1,6.5,84,30,5,88,2.6,9,7
11,581,1,0,2,7.8,40,71,0,57,14.5,35,9
3,246,8,3,4,4.3,46,76,5,62,4.8,13,9
7,510,12,10,5,6.9,89,30,5,100,11.1,26,9
6,618,15,13,6,4.6,63,60,0,70,9.0,18,1
2,162,17,14,6,4.2,47,72,0,59,1.5,14,9
6,322,18,17,1,4.3,64,43,2,79,9.0,13,2
2,251,11,10,3,8.2,36,76,5,46,1.7,9,3
2,93,7,5,1,4.6,59,42,3,64,1.5,9,0
2,244,16,15,5,4.2,22,100,7,30,4.7,7,3
11,784,14,8,4,6.2,85,34,0,85,18.8,48,4
3,229,9,7,4,8.2,65,43,4,82,5.5,13,2
2,143,14,10,3,5.3,49,56,5,53,2.6,11,9
4,374,14,11,6,6.1,88,40,0,100,9.3,10,1
9,529,6,6,1,4.2,28,78,3,37,16.0,10,5
6,436,12,9,4,6.2,30,89,6,34,12.2,28,7
1,115,16,14,5,6.9,88,30,2,100,1.2,6,6
8,308,8,2,2,6.9,85,30,5,100,19.4,18,0
7,273,7,5,0,5.7,50,57,6,50,15.0,28,3
10,410,19,16,0,5.6,52,44,0,53,22.1,10,2
3,192,17,11,0,4.5,58,44,0,64,2.5,3,5
1,294,12,6,6,5.8,65,56,4,74,1.0,10,8
5,197,15,9,1,4.5,56,57,4,75,5.4,11,8
4,298,8,3,3,7.8,79,30,5,85,4.2,19,6
10,708,11,9,4,8.8,50,62,6,65,22.1,14,8
8,366,11,10,2,8.9,30,78,7,34,4.5,34,7
1,114,5,4,5,8.3,21,93,6,32,0.7,6,4
10,484,18,16,2,7.0,46,63,0,62,10.5,32,8
1,244,6,4,5,7.5,21,89,7,36,0.9,9,6
4,404,2,0,6,5.4,40,81,5,59,3.9,22,4
8,403,15,14,1,7.2,77,30,0,92,16.8,9,7
5,340,17,15,0,6.3,24,74,4,42,8.1,5,6
2,149,15,13,1,6.4,71,30,3,85,1.0,3,8
6,402,6,1,6,7.8,64,58,1,75,8.2,12,9
5,367,3,0,3,5.4,39,79,7,48,6.6,23,0
2,208,7,4,3,5.6,80,34,1,81,1.5,5,8
11,804,12,7,6,8.6,57,69,0,63,20.4,50,6
11,758,12,12,5,4.3,39,76,6,51,20.9,27,0
11,536,16,15,4,6.4,44,74,4,46,21.4,48,0
3,267,16,13,4,8.6,21,98,2,35,5.9,7,4
9,448,4,4,5,7.1,51,75,2,51,4.5,14,7
7,438,5,3,3,6.7,45,74,1,47,16.9,17,8
7,346,18,16,3,5.2,89,30,3,98,14.9,31,5
11,555,12,9,3,5.7,60,45,1,74,25.4,25,9
6,216,13,8,1,8.3,86,30,0,91,3.2,25,7
8,635,3,0,3,6.8,20,92,3,39,18.9,11,5
4,198,6,0,2,6.6,70,33,2,84,8.5,18,5
8,376,7,5,0,4.5,24,85,6,30,17.4,8,3
4,350,12,6,3,4.1,32,85,4,36,2.7,7,4
8,623,5,1,5,8.8,38,73,7,41,15.8,29,1
9,315,5,2,0,5.9,31,80,4,48,21.8,27,2
3,173,2,2,1,7.0,67,38,0,69,5.6,13,2
3,308,2,0,5,4.4,44,75,1,60,4.9,8,4
11,737,12,11,0,7.4,76,30,0,93,26.3,22,4
2,238,1,0,5,8.7,54,63,7,71,2.8,7,5
10,480,15,10,1,6.9,24,76,4,30,17.0,21,4
3,200,5,2,2,4.6,41,62,7,53,4.4,14,5
3,176,7,5,1,6.9,76,33,2,90,7.1,13,7
5,198,7,5,1,7.8,66,48,4,70,3.3,11,1
5,410,5,1,5,6.0,73,40,3,75,7.5,15,3
2,274,13,9,6,8.4,22,100,6,30,3.7,8,5
10,610,2,0,4,7.2,72,48,7,76,20.8,44,4
6,300,9,5,3,8.5,50,62,6,54,10.0,9,0
5,294,2,2,3,7.1,88,30,5,90,11.6,13,8
6,386,11,7,2,4.7,52,53,4,54,14.3,20,2
1,125,16,16,2,5.5,91,30,4,100,0.6,5,1
5,237,4,0,3,5.0,69,37,6,86,6.5,18,8
9,539,19,14,4,8.5,35,86,5,54,4.9,22,6
10,540,8,3,3,7.8,58,59,3,61,11.6,13,4
2,388,19,19,6,7.4,65,58,1,65,3.1,14,5
1,181,6,3,4,5.5,66,48,7,81,2.3,6,3
10,546,3,0,2,4.9,63,41,7,70,21.9,32,0
11,737,12,9,0,7.8,28,78,4,44,8.3,11,3
9,754,12,10,5,6.4,69,48,6,76,6.2,41,8
10,750,9,9,6,5.1,79,39,0,85,16.8,46,0
9,327,17,11,6,7.1,34,93,4,41,14.1,24,9
9,417,16,11,2,4.2,55,57,0,66,9.3,20,2
6,344,19,18,2,5.6,82,34,3,97,13.8,26,4
8,451,19,17,1,6.3,88,30,4,99,18.8,33,6
11,732,12,9,6,4.7,60,56,7,78,14.4,39,8
1,82,16,11,1,8.9,93,30,6,100,2.3,5,5
10,702,3,3,1,5.0,43,67,3,49,12.7,21,2
4,396,0,0,5,4.7,68,50,3,79,7.9,9,6
1,100,0,0,1,5.0,37,64,1,56,1.5,4,3
8,304,14,8,4,7.8,26,92,4,30,6.0,28,2
1,183,12,11,3,6.1,23,89,0,38,2.4,7,6
3,120,16,13,0,6.8,88,30,0,96,4.2,3,6
4,204,7,5,2,4.1,79,37,4,85,7.9,14,3
8,268,17,11,4,4.2,74,38,5,93,9.9,20,6
6,408,12,12,0,6.2,35,69,1,48,3.2,24,1
10,446,13,12,6,8.1,48,77,1,58,7.0,26,0
7,309,7,7,6,8.4,42,77,1,48,10.4,34,1
8,332,7,2,6,4.4,33,96,0,42,15.0,30,3
2,136,14,10,4,6.7,68,51,3,76,2.3,12,7
10,800,12,10,4,8.6,52,67,6,55,18.9,14,2
11,723,6,6,2,5.9,44,58,5,59,20.9,24,9
8,493,4,1,3,8.1,40,73,7,49,15.3,11,5
3,223,16,11,1,4.7,36,74,1,54,4.5,7,5
7,484,15,10,6,8.7,42,79,0,58,16.3,20,8
3,421,1,0,5,7.8,76,34,0,84,4.4,17,8
7,448,17,12,3,8.7,77,40,7,89,9.8,24,3
11,479,16,13,5,7.4,33,92,3,33,9.9,38,8
2,130,6,6,2,5.8,39,76,7,40,2.2,4,5
10,698,12,10,2,8.7,49,52,4,61,5.8,42,1
6,360,17,12,2,5.4,38,79,4,46,10.6,20,9
3,153,13,8,0,5.7,72,35,6,78,3.0,6,5
3,238,17,14,5,7.5,75,49,7,90,3.3,11,1
9,666,12,8,3,7.8,42,77,6,60,18.4,39,7
7,364,10,6,3,8.6,81,38,1,87,8.1,10,3
5,225,15,9,4,5.0,52,56,6,57,4.9,24,4
10,652,16,11,4,8.0,37,86,1,54,8.4,14,7
7,550,7,7,6,7.7,92,31,5,100,14.3,34,7
9,766,18,16,4,4.3,52,62,6,62,6.8,22,5
1,102,19,14,2,5.9,51,52,3,62,1.4,6,3
7,327,14,13,3,5.4,80,35,1,89,10.6,24,0
6,301,8,6,5,5.5,73,52,3,85,11.2,23,6
10,466,19,13,2,8.9,36,78,0,47,17.7,42,7
9,342,9,5,0,7.2,38,72,1,47,19.1,9,8
1,146,11,6,4,7.6,89,34,0,100,0.6,5,1
4,210,19,16,2,8.9,53,58,2,70,4.4,10,0
9,393,0,0,2,5.9,44,73,3,47,9.5,20,3
4,160,19,14,0,8.0,87,30,2,91,3.2,4,4
10,589,8,2,1,6.2,93,30,1,97,10.8,41,9
3,120,14,14,3,8.3,93,30,0,100,3.4,9,0
9,517,0,0,5,4.9,30,93,1,32,13.9,14,4
2,296,11,5,6,8.7,35,78,2,42,3.7,8,5
4,145,2,0,1,5.1,80,30,7,81,5.0,17,2
6,292,10,10,4,5.6,26,95,7,43,11.6,22,6
2,164,1,0,2,7.8,35,72,1,43,2.3,4,5
8,272,15,15,0,6.0,35,74,5,47,8.6,16,3
8,384,8,8,0,7.0,59,45,4,65,12.7,32,2
1,116,14,13,3,6.2,31,86,2,40,0.5,7,4
3,187,11,10,1,7.7,54,49,1,62,2.0,13,2
10,832,0,0,6,5.1,40,86,0,54,13.4,36,9
9,648,12,6,3,4.3,69,46,1,73,21.5,30,8
5,291,13,9,2,5.5,62,49,7,73,9.7,12,8
6,417,7,6,3,6.4,36,69,0,36,4.1,15,5
4,337,7,2,5,4.8,51,59,4,62,8.8,21,5
10,450,11,9,0,5.8,60,42,1,65,19.6,20,3
2,68,0,0,0,6.0,25,83,6,43,3.4,2,3
11,826,10,10,4,4.3,46,69,7,64,23.5,37,1
8,376,7,7,4,6.9,39,69,6,54,10.5,36,9
11,831,9,6,6,8.4,44,73,4,62,10.4,50,3
6,308,18,14,2,4.8,85,30,2,87,9.1,8,7
5,300,10,7,5,7.0,28,97,0,37,8.0,10,9
9,297,6,5,1,7.3,72,41,6,89,14.2,10,1
1,136,10,7,3,6.1,80,36,5,92,1.6,4,8
5,523,16,16,6,7.5,57,70,2,74,12.0,26,0
6,248,0,0,2,6.1,22,79,0,30,13.8,20,1
5,299,7,5,4,6.5,89,30,7,91,11.3,19,1
6,390,5,0,3,4.0,74,35,7,85,12.6,9,5
6,518,17,16,4,7.5,20,100,7,39,14.3,16,6
7,328,5,2,3,7.3,89,30,4,95,4.9,31,2
4,124,4,4,1,4.2,64,48,6,71,4.1,13,8
11,586,12,6,2,5.8,66,43,7,74,16.4,13,4
8,551,18,13,3,8.9,45,61,3,58,17.5,19,4
7,573,7,6,5,6.1,33,86,7,37,10.6,19,3
9,642,8,8,6,6.5,73,56,1,91,18.0,15,8
7,301,16,12,0,8.5,90,30,4,100,5.4,28,7
3,345,2,0,5,7.6,65,59,0,76,3.0,14,3
3,304,18,14,5,6.9,50,60,0,53,5.9,11,3
8,482,10,8,6,8.0,78,45,0,85,6.6,30,1
5,230,16,13,0,8.3,48,63,0,54,6.0,15,8
4,327,18,17,5,6.3,36,78,1,50,4.1,13,2
8,666,1,0,3,6.4,33,77,2,38,9.6,11,3
6,303,7,5,3,5.9,55,63,5,59,11.5,15,6
2,216,18,16,3,8.8,77,30,3,90,2.5,7,9
4,248,6,4,0,7.5,43,66,1,55,6.4,16,7
11,670,16,11,5,4.4,82,32,0,91,7.7,38,7
4,240,5,5,0,8.3,44,62,1,61,8.4,4,3
6,288,18,17,3,6.4,78,30,4,81,7.4,21,6
6,624,5,2,6,4.3,51,64,5,58,10.8,18,9
1,205,1,0,5,6.7,37,81,0,47,2.0,6,0
8,592,5,1,5,6.1,56,62,3,72,7.4,13,5
6,418,4,2,4,8.4,45,68,0,62,13.6,10,5
3,206,18,12,4,5.0,28,80,5,38,5.2,7,5
9,482,19,17,1,8.1,83,30,3,98,12.2,37,1
2,90,3,1,2,6.8,91,30,5,100,1.7,4,7
11,863,16,10,4,4.3,39,80,3,51,26.2,26,4
8,456,10,7,0,8.9,73,38,2,88,16.1,32,4
10,582,3,0,4,6.6,49,63,6,49,9.2,24,1
3,128,12,12,1,5.5,72,30,2,87,3.5,7,3
5,205,19,13,5,6.3,82,30,1,96,10.6,20,8
6,278,16,11,1,8.3,30,76,1,35,11.3,7,8
10,610,8,7,5,5.5,50,72,7,61,20.3,15,5
6,414,3,0,6,5.0,68,52,3,75,8.3,18,8
4,384,13,13,6,4.6,38,87,7,44,7.7,10,3
3,219,18,15,5,5.5,31,93,7,32,3.8,17,0
4,210,2,0,2,7.9,34,77,0,45,3.7,14,1
1,175,13,8,4,6.4,50,68,6,63,1.8,5,0
4,132,7,2,0,5.1,62,46,4,77,9.8,4,7
1,50,0,0,0,4.8,56,42,4,66,1.1,4,8
1,145,9,8,3,5.7,48,56,0,67,1.4,6,9
10,360,17,14,5,8.7,45,68,0,53,18.5,45,5
6,204,15,12,0,5.7,21,82,2,30,9.5,12,1
5,181,7,2,2,8.9,34,76,4,50,10.9,12,5
11,472,0,0,5,6.4,23,90,3,34,22.3,16,8
4,332,11,10,2,4.9,69,40,5,74,2.5,14,2
11,594,7,6,0,8.5,57,50,7,75,27.5,22,8
3,207,15,11,0,6.3,42,64,1,52,6.0,12,1
1,144,17,11,3,7.5,78,36,7,86,2.2,5,4
6,246,3,0,0,8.9,94,30,7,99,10.8,12,1
2,278,5,1,5,4.3,47,74,5,62,4.4,13,6
8,566,11,11,6,4.5,85,43,2,100,5.8,14,9
10,840,8,2,5,7.6,27,87,4,42,12.0,35,8
5,360,14,13,5,5.4,48,73,7,53,11.3,10,6
7,422,15,14,3,4.9,30,84,6,34,6.3,31,4
10,422,11,5,3,4.2,37,75,0,40,6.6,23,3
2,106,13,12,0,4.1,74,30,6,75,4.2,6,3
8,500,12,8,1,7.9,69,45,6,74,17.4,9,9
2,121,1,0,1,4.7,33,78,4,41,1.7,9,7
4,288,2,0,3,6.3,93,30,3,100,8.8,11,9
1,34,9,6,0,7.0,28,83,2,41,1.9,2,9
5,183,8,3,1,6.1,30,75,7,36,7.7,6,9
9,540,19,17,0,4.1,82,30,7,100,19.4,36,9
1,30,7,3,0,7.9,86,30,7,86,1.3,2,9
9,450,9,8,0,4.1,72,31,0,91,8.0,18,0
11,356,18,12,4,7.8,58,51,5,72,11.8,37,4
8,719,2,0,5,8.5,75,43,3,92,12.1,21,1
6,378,4,0,0,6.2,47,63,5,49,9.4,6,8
7,541,2,0,4,6.7,94,30,1,100,14.8,32,6
3,117,15,15,3,6.4,58,47,2,59,6.2,15,9
1,88,16,15,1,5.9,44,67,3,53,1.7,4,7
5,375,14,14,5,8.4,40,83,3,50,10.3,25,5
2,174,2,1,6,8.5,29,84,7,31,1.8,8,8
5,341,11,7,1,5.7,62,51,5,68,3.0,11,5
8,694,8,5,5,7.1,34,90,0,41,18.0,29,6
11,779,11,6,6,8.6,67,60,1,85,7.2,50,6
9,408,14,9,1,8.8,40,69,7,57,8.9,28,8
2,251,1,0,5,6.5,79,46,7,91,3.8,11,7
3,160,17,11,1,6.3,69,42,7,81,4.0,13,0
3,217,19,19,1,5.4,42,70,5,60,6.8,10,3
1,171,11,6,6,8.8,32,95,3,43,1.1,10,6
8,446,3,0,1,4.7,88,30,2,100,4.2,9,7
6,310,15,12,1,6.9,23,76,3,34,6.6,25,6
8,736,15,9,6,5.4,91,30,4,100,13.2,22,2
11,843,0,0,3,5.4,28,85,2,39,13.8,47,3
9,486,1,1,0,6.0,54,43,7,72,14.1,18,6
5,302,2,0,2,9.0,40,77,2,53,11.3,17,7
3,248,19,14,4,4.3,77,37,3,83,7.0,16,6
5,205,16,12,2,6.9,37,67,0,49,5.2,12,5
5,357,19,13,2,4.4,91,30,7,96,7.1,22,8
5,410,0,0,5,4.8,62,57,2,80,8.0,25,8
3,114,19,16,0,6.2,25,70,4,43,7.2,12,6
11,459,5,0,5,6.6,86,30,5,89,27.5,16,7
10,400,14,10,0,5.3,31,64,0,49,9.7,20,5
4,400,13,10,6,5.6,31,98,0,39,7.8,10,0
9,609,19,14,6,4.4,85,44,0,100,11.3,15,0
10,660,14,13,0,5.5,21,80,2,30,5.2,20,5
9,484,13,11,1,8.8,34,78,0,39,4.7,37,1
2,128,4,0,3,8.7,42,74,3,49,2.8,5,7
8,266,5,3,1,5.7,48,51,0,63,11.8,9,0
8,604,16,15,3,6.9,26,90,4,30,4.4,11,1
